B00066G516,148
B0006HB4XE,254
B0007MV6PY,133
B000AL4RXA,149
B000AO7PY0,196
B000E3AUIA,140
B000EB3RXM,121
B000EVEAS8,165
B000G01UBW,245
B000H2PMMW,116
B000IUX7U2,159
B000J3ROES,188
B000KKPX0C,149
B000LKETU6,236
B000LKK09U,123
B000ML9S14,195
B000NGMOT6,102
B000PMPTF4,250
B000PMNS3E,237
B000PMKBL6,133
B000PQJQUY,298
B000UJA696,284
B000ULUS2E,130
B000V588EO,169
B000V5DJEI,111
B000W5QFAW,118
B000WZ8OY2,192
B000XA9YMM,266
B000YUIGSY,166
B0013TWSMU,124
B0013TWSJ8,124
B0014HA6VG,258
B0014JDIW8,278
B00156BAYS,166
B0015IL4W4,180
B000U68L4Q,120
B0015V8KN2,114
B0018N66X8,108
B0018N8CHQ,212
B0018N7NP8,108
B0018N8YUG,142
B0018OKYXA,114
B001DJ5J3U,170
B001FLAR24,108
B001IKDPIK,154
B0012N84DY,203
B0016BTZLC,275
B001OOL8P2,128
B0026PJDQE,276
B0029QRKSI,160
B0029Y2KNA,149
B002EX434U,101
B002IYKIOY,121
B000UJDPHQ,287
B002PIHWMO,114
B002QSTHEE,174
B002VJT8HY,220
B0038Y6SSI,126
B0039X40OC,104
B003ELG9RU,148
B003ESTRW2,284
B003O9PNNI,134
B003XRSAV8,228
B00409FL4M,202
B004ARPYK0,186
B004B3EMUG,120
B004K3J7LG,170
B004NJZP4K,146
B004R90DTI,121
B004URXF60,134
B004UUHCM0,124
B00513PYSO,129
B00533A2CU,152
B0054Z2A3G,102
B0057A0KVC,123
B005BT7IQ4,157
B005HF3R3U,132
B005QSRYIC,281
B005XNCH3W,204
B0061MUTZM,111
B0069TZ416,175
B006K078VS,103
B006UZSX8K,213
B006Z9CAD0,273
B0071R3426,195
B0072FNKF8,109
B007AK4DPG,242
B007HXMQXM,273
B007HYZQZQ,118
B007IDQ7AY,136
B007J89RGO,140
B007JEZX0M,167
B007KN4M3G,101
B007KXZMSA,128
B007W9ZVME,177
B007WA3GMK,134
B007WATHQO,298
B007WAU0RE,106
B007X4D2CE,147
B007X73VAO,139
B0081KZE6Q,158
B0083QBJ1W,127
B0087UIAMK,139
B008EX2ROC,176
B008JEZG7Q,107
B008VEPDMC,116
B009046U2Y,171
B0091XFGQU,108
B00928XTRC,145
B0092SVT6U,124
B0094FZU3E,127
B0094G8XI2,113
B0096D4O5Y,170
B0097B5XV4,242
B009DKJPKY,284
B009ERSRDM,237
B009IMXP08,175
B009KM5FUE,113
B009KM5GTY,105
B009MQO432,148
B009PMJZUA,187
B009RE0GZ4,158
B009UAMWR0,152
B009UNDXYI,143
B009UNDXXY,158
B00A17K3YK,244
B00A71O6LQ,143
B00ALMGI4E,108
B00AQAW78W,118
B00AY8M3LC,102
B00AZ1YT4M,220
B00B0QC772,250
B00B2XWOSK,165
B00B30HIT2,145
B00B4NIOPU,105
B00B7QXXSW,128
B00B9FNUMU,117
B00BCVTIAE,214
B00BD5QHDU,173
B00BDV97WW,188
B00BF6EQ8U,131
B00BLWTDYU,219
B00BUVH1LO,273
B00C1N2ESA,105
B00C2BZCD0,150
B00C6TZA8A,107
B00C97ISFG,180
B00CIGY3CK,121
B00CIXR0OQ,103
B00CN5B8UG,143
B00CPBRDWA,134
B00CQ9561G,174
B00CR71RGK,134
B00CTCWCXK,102
B00CTXVBPY,180
B00CWEZZQ6,107
B00CWUGYTC,133
B00CY8ON68,165
B00CZ509YU,168
B00CZ50F3A,219
B00D0HNQR4,122
B00D0HNQ1K,133
B00D7UX1YM,238
B00D8H9O2C,173
B00DDNC27K,134
B00DGGEU38,139
B00DNNWNZG,235
B00DNUU8DI,113
B00DURK0E6,110
B00DUW4VAK,146
B00DUYXL86,165
B00DV55YRA,133
B00DY45UH2,105
B00DZ4MC7M,296
B00E0I8K8C,180
B00E0KHZBS,111
B00E0KYN86,196
B00E1JOB74,229
B00E1LAO1O,147
B00E3I93KS,136
B00E46J8DG,214
B00E6MRBU0,154
B00E96Y7G4,148
B00ECFYWEE,140
B00ECOQLTE,193
B00EDW9E80,111
B00EH8MQTO,197
B00EHJ288W,129
B00EIQPRR8,140
B00ENTE3SE,180
B00EP6SZWK,140
B001G92HVY,111
B00ET1V1MM,171
B00EVYYLNI,179
B00EW4L7GG,144
B00EZJ1INA,109
B00EZJ224Y,164
B00EZJEHEM,167
B00F0WW8F8,107
B00F0WW7R2,138
B00F13NABC,131
B00F3BMV7Q,188
B00FDWYT6G,133
B00FGCU5M0,163
B00FLH91ZM,289
B00FOR1WWY,107
B00FRIJCDQ,186
B00FXKK44E,101
B00FXWATVA,213
B00G4CJY7S,200
B00G62BWBC,135
B00GA3LSQQ,291
B00GD2SHJ0,106
B00GGSM94U,118
B00GI76P3K,140
B00GIHA7U2,112
B00GKEHZI0,162
B00GKF5BAS,292
B00GN7Y0JG,108
B00GOQ3U88,116
B00GOQ3YWA,106
B00GQ4MMXW,105
B00GRDC372,255
B00GRDC4BM,127
B00GT24JFU,194
B00GV2NCI8,108
B00BIZUBOG,193
B00H8AG1WQ,230
B00H96GVYC,163
B00HA6N8TW,105
B00HD5IV0Q,151
B00HF4N2UO,285
B00HFKN2IU,176
B00HH970VY,113
B00HHJJ4PY,174
B00HHPN6ES,160
B00HK50EQI,151
B00HLG7YJG,107
B00HV6O5I4,113
B00HV713ME,120
B00HWZQRE4,184
B00HZ31VBC,122
B00HZ3DG5Q,119
B00I0C9DRQ,137
B00I0YRA1U,154
B00I523WDC,130
B00ID20OE4,128
B00IDDC1EO,103
B00IGAOCO6,203
B00IGAOE3U,115
B00IGAODHM,170
B00IGAOBEC,226
B00IICTNT6,149
B00IK4GEXK,112
B00IKFDU18,106
B00IQAOR00,140
B00IYF3V22,108
B00IYF4QSA,194
B00IZ61MU8,111
B00J2PXNZ8,140
B00J6E7UA4,223
B00J7L68PY,133
B00J8H9NJK,145
B00J8PY3J2,106
B00J8PY694,115
B00JB0Y9MK,103
B00JCUPW3E,293
B00JE63P08,167
B00JITC73C,181
B00JLQL1M0,202
B00JM5B7JC,124
B00JPCX7YK,225
B00JVYIM06,116
B00JW0EXUW,140
B00JXB98FK,136
B00JXME5AC,122
B00JXMEA34,169
B00K0UJYFM,156
B00K2XPFEQ,297
B00K4T1SXK,217
B00K5NFO5I,116
B00K6PY762,158
B00K6X6RM6,121
B00K85HB5Y,107
B00KA3R3M0,159
B00KA3QT8Y,115
B00KA3WMJY,163
B00KA3VEG6,270
B00KA3UV0Q,105
B00KA3V9JS,121
B00KA3VO3O,221
B00KBOQTCS,156
B00KBV9BVW,117
B00KGMGACO,116
B00KREOWWG,137
B00KS4ZMS8,225
B00KW4LIJQ,179
B00KW4L9XQ,138
B00KXQMKS6,114
B00L3MEP50,111
B00L50MW96,115
B00LBS39K8,152
B00LCHB9KU,262
B00LHH6E32,127
B00LL20G5U,176
B00LM7IZK2,130
B00LMU7GHM,145
B00LNWAL6C,129
B00LV561CE,112
B00LWZH8C0,252
B00LXBGU7W,107
B00MA1C3VQ,159
B00MCHQBWK,114
B00MGSODA2,228
B00MHDY7F2,163
B00MIMOVB2,258
B00MMEN7MK,144
B00MMOVHHC,151
B00MRXJVR6,152
B00MRXJUBS,104
B00MTDBK8C,179
B00MZIHOCM,177
B00N1UQHL2,130
B00N57I7NM,200
B00N8FJGI6,115
B00NBG2378,130
B00NER3KLM,148
B00NFR7UNK,249
B00NI4ZWHQ,101
B00NKX7ULQ,121
B00NOKXZ00,123
B00NQVXCE6,240
B00NR1Y30C,155
B00NRCFYWW,126
B00O120F80,134
B00O16DJI4,155
B00O1FV2IO,111
B00O2QB59I,280
B00O4UYXC8,203
B00OFX9WPM,141
B00OIWG7IU,127
B00OTYQEE4,108
B00OXH45CK,174
B00P6F5LYO,177
B00P79C87C,147
B00P9QPOSS,179
B00PAZ9KYC,139
B00PDACJ42,230
B00PIAVWA4,105
B00PJIO5PO,128
B00PJIMV2S,125
B00PJIPZGW,134
B00PJIR7M2,135
B00PJIQ2P0,138
B00PMIFM9E,206
B00PW3HROM,111
B00PXWA884,123
B00Q2X8JIE,260
B00Q3Z7PJA,116
B00Q8BYTAW,168
B00Q8JSY8M,177
B00QMGK6L4,128
B00QQ45HYI,160
B00QWVF2FE,108
B00QY2EKHW,264
B00R449PD8,135
B00RGCLYYQ,251
B00RL1K84E,131
B00RYCCCQC,232
B00S2GAWS4,119
B00S4661VE,204
B00S66RHP6,194
B00S99PCSE,282
B00S99PBRG,119
B00SB5FRMW,173
B00SCVJBAY,143
B00SGM1PWG,122
B00SHB4RJ4,126
B00SNPB6X4,158
B00SU7G65I,169
B00SVPPF8S,125
B00SY4TLXG,130
B00SY4W0BG,110
B00T5D1XD6,136
B00TEMYTBG,102
B00TUH9QXQ,101
B00U642986,260
B00UFW2EK2,115
B00UX378P4,228
B00UXPIXOC,191
B00UZVF6S0,163
B00V0FO1PO,263
B00V7GQ23A,131
B00V9042QI,139
B00VAV2SZ8,130
B00VI91Q78,133
B00VIKU05Q,141
B00VQ1W8FM,127
B00W3XUB88,285
B00W4OD700,115
B00WEQZXV4,130
B00WGL2IRY,144
B00WIWCDLM,117
B00WMBVR16,123
B00WSAOUBK,211
B00WSP870U,190
B00WZTQ0JE,112
B00X23GJMK,123
B00X6CCK9I,142
B00XAOQ4EO,228
B00XCWZBUW,178
B00XFSDPYW,104
B00XH81JVG,178
B00XN0SJ1Q,159
B00XPN6L0M,203
B00XYKSUVE,125
B00Y1MTAW2,225
B00Y3KKMVU,200
B00YCWF5CU,112
B00YD4ZHQ6,183
B00YETA26A,106
B00YF0W23O,225
B00YFS31LS,147
B00YWSNUO4,113
B00Z6K9672,191
B00Z8QM7KC,181
B00ZDBVNIO,185
B00ZDR23BO,206
B00ZQ7K4X0,154
B00ZRXLFTU,256
B00ZVFQRGK,124
B00ZZNIZ4K,288
B0102WISOK,122
B01090LK1S,118
B010979CH0,105
B010E7Q5K2,239
B010HPFVE2,259
B010LWUNFS,263
B010MFKWSC,169
B010Q2A55G,106
B010QNFA14,204
B010RGY55M,279
B011ABRVUY,293
B011I12NMW,148
B011PLYVCA,153
B0122MHONO,240
B012C1WB3S,143
B012DPPYBO,118
B012SP7BBA,166
B0131K1MFM,251
B01369YMZA,166
B013MUV3X2,287
B013NLZTO4,136
B013R8BIWU,247
B013TOJ1R6,112
B013VPHJT0,105
B013WJFKNM,105
B0142HFZVK,112
B014301218,162
B0143HKDV6,108
B0145IDYY6,259
B01485ZG7O,122
B0148B7EJ6,141
B014A7L20K,133
B014E9PUUC,123
B014ECFKVI,225
B014J05V3M,119
B014K3F6BU,138
B014V7KKLG,157
B014VV8DQG,134
B0152DK2W0,102
B01553F9KC,116
B0157IZIRY,120
B015CFTI6O,114
B015IYTLVQ,229
B015KQ3QHW,150
B015R2ZFUA,110
B015YQESH0,104
B01607T4D0,128
B01641CJOI,167
B0164FLKLW,111
B0167WVN64,130
B01681G9SQ,131
B016CDP5QC,120
B016D7C6IC,249
B016DRMD4O,121
B016MZVIPC,110
B016RCM20K,294
B016X7JSNS,226
B016XAJLVO,257
B0172SWE3I,191
B01768S8OS,169
B0176NF1PM,107
B0179KB8PY,121
B017CVCV4C,112
B017GTYNSC,106
B017I5IN6M,155
B017LJPBWO,134
B017MOLR94,183
B017OQIWXY,159
B017QQO2O0,138
B017S4W02G,123
B017TTM6P6,136
B017TZUE90,222
B017X9JBXW,214
B017YGS2RA,105
B017YHY53Y,193
B0183JVBA2,143
B0185GSQOC,123
B018ARMPWU,106
B018FJ0Z20,210
B018IZAYEU,151
B018LIQU92,116
B018SRRGLC,168
B018T2L5ZY,280
B018TNFNGA,164
B018WJY1RI,120
B018X66SP8,163
B0196BSE60,208
B019F75KZ8,189
B019NU7U96,215
B019O663AG,106
B019PCJMDY,140
B019U72T1G,204
B019W1ODDM,135
B01A4XH6HW,297
B01A4YFKHE,143
B01A50HZ3Y,178
B01A57HJH4,150
B01A7D4QH2,143
B00TYUIWIY,155
B01ABWOC6O,266
B01AKZ65N0,106
B01ANF7VJO,163
B017WY6Z8M,181
B01ASMENXE,127
B01AT4IBZW,131
B01AYV1WCO,236
B01B2AOT3K,150
B01B2FZJCK,153
B01B5JRR4G,129
B01B6IIOPC,160
B01BKVWKCS,142
B01BNUY8YY,132
B01BPEVXTG,157
B01BV2U5SC,127
B01C2QGHQU,167
B01C5PH280,148
B01CEZSSXY,123
B01CF6XQYI,196
B01CHUX908,205
B01CQAFN5I,175
B01D61LJ90,208
B01DBMTFA4,130
B01DBTD02Q,167
B01DDP4ZWM,207
B01DEHYD44,127
B01DLK2I78,108
B01DS9C0DE,130
B01DTQALBO,288
B01DU9BNPS,107
B01DVZZLIG,116
B01DW0V2OW,119
B01DW31MEE,106
B01DWIR9VE,124
B01DXLAICC,142
B01E0UDR8C,127
B01E8JZR92,229
B01EDQ9AD4,114
B01EFQOVWM,135
B01EI9XXSY,259
B01EIAQ1XW,148
B01EKTWXAQ,175
B01EL76Y8E,210
B01EMMJR0A,103
B01ETKKP60,183
B01EUFORG8,240
B01EWYVFJ4,142
B01EYY0Z66,217
B01EZU4V9Q,114
B01F5XIBK2,117
B01FES6E34,120
B01FHRMR8I,142
B01FLQE00S,164
B01FNBWOG8,147
B01FQ98SB2,221
B01G35EGSW,221
B01G3IVWKY,115
B01G502QQE,102
B01G5VFKUW,179
B01G9O8HIW,139
B01GCDNG9A,104
B01GEJG5M2,116
B01GFVKP5M,101
B01GGCQHXO,116
B01GHP2G1M,112
B01GIV1GWA,133
B01GJ4DX9A,129
B01GUAGRFK,163
B01H6ED2IY,115
B01H7N6240,161
B01HC7ZP1M,104
B01HEISONU,201
