B00004YWK2,261
B00005OU6T,250
B00007E7RQ,245
B00009W3HD,283
B0000ALEVA,120
B0000WM2IG,141
B0001Q46B2,122
B0002GTTOU,128
B0002HMUBI,119
B0002KXMT4,223
B0002YTLZY,220
B0002YTLYU,172
B0002YWR64,224
B0006OJ2AE,107
B00076VESY,134
B0009GVYCI,134
B0009GZNB6,101
B0009GZLZY,107
B0009XCGWS,113
B000AMOBA8,172
B000BF0ZTU,161
B000BPNLM8,157
B000BQOWES,239
B000BQQ4G2,136
B000BQRGMS,103
B000BQUF44,216
B000BQW5OC,142
B000BV6D5O,193
B000BWI086,113
B000CMFKOC,153
B000DZHEHY,165
B000EOM6Z4,197
B000FNJ5RG,234
B000FNJ5TO,145
B000FNJ5SU,221
B000FNP39A,205
B000FNR6X6,142
B000FNR9U6,137
B000HE6ECM,252
B000HE6EOA,201
B000HJ72WS,140
B000HM9MBY,252
B000HMBPKA,186
B000HMBPWS,289
B000I0PJWG,122
B000I5SEWS,158
B000IBEYOO,240
B000IJTBFS,132
B000J4LCQ8,287
B000KQ2CWS,132
B000M2JXVS,244
B000NKDMM0,205
B000P9BY2E,216
B000PJ5TFC,134
B000PSC0QE,105
B000Q5SUZG,206
B000R9ABQC,129
B000R9XO1G,126
B000THKV4O,245
B000TRBW42,149
B000UVWGGK,230
B000UVYNLQ,276
B000UWGLGU,134
B000VAYEM4,146
B000VTW3KA,112
B000WIIACU,122
B000WIIAE8,120
B000WO5892,260
B000XXYUSM,268
B000ZIKT94,114
B0011241NS,196
B0011YJE7E,182
B001216TOW,158
B00131Z4SI,124
B00132KZYK,172
B00132IPBU,278
B0013ECT7Y,164
B0013G31B0,132
B0015S4KIO,132
B0015YQV8K,134
B0016LFWFK,158
B0017K82M0,186
B0019ETXXQ,180
B001AAAZ1S,145
B001AAAYZU,120
B001AAEG54,208
B001AAEGBI,147
B001AAAZ1I,145
B001AAEG5O,237
B001AAEG68,202
B001AH3K72,140
B001AHASV8,211
B001DEEU1C,286
B001DEEV4S,202
B001DEJQPM,104
B001DHK8LU,121
B001DHNTXO,250
B001DHPCIO,237
B001DPFP88,185
B001DPOAHU,168
B001DPXY40,267
B001DPX594,199
B001E6LAT4,164
B001E8B71S,135
B001G0MFT2,118
B001HPD4HI,133
B001I1BMIE,207
B001ICUSGK,126
B001IYMRHG,142
B001ONHE8S,257
B001PAWUWK,225
B001PDGFR8,129
B001PIAPP6,207
B001PQDUA0,200
B001QOGNJG,133
B001T6DB4Q,156
B001TH7H22,120
B001TIWG04,117
B001TIUNI6,102
B001TJ3J9K,295
B001UGQ3EU,168
B001UIBI3E,202
B001UIBMUI,127
B001UIDP5I,188
B001VDLAM2,148
B001YQGDS2,164
B0024IAQ9G,133
B002765KFK,119
B0027DW4QG,187
B0027E8EXC,187
B00287YBAS,150
B0028BAAWW,233
B0028WZTC2,146
B00290VZ2G,124
B002C03HPQ,136
B002C3YNBK,134
B002DUCEO0,144
B002UYSHMM,178
B002YTXMT6,108
B00308TCL2,148
B00314WY0G,227
B003289P2G,206
B003891MU2,114
B003B4M0XW,142
B003B4EXR8,202
B003BIGDKO,135
B003BIGDMC,234
B003BIGDQI,140
B003BIGDEU,206
B003BNZ55I,220
B003EAJSY2,101
B003GF33ZU,175
B003L4Z57K,118
B003P2WP8A,145
B003UV8OC2,181
B003XEF7DK,280
B00434YUBO,111
B0043I7UFI,160
B004443WHG,136
B0045LQCEI,201
B0049HE6AU,117
B0049POOKE,269
B004BVRAHK,154
B004DAQDCW,154
B004EAA3OU,111
B004EBT7WS,104
B004G6GLQQ,119
B004H3XRTC,113
B004H3XRCY,130
B004JNU22A,209
B004JOHPV0,142
B004L99SWW,150
B004PILT0I,171
B004RPQ4MM,206
B004ULVFTA,252
B004ULZC8U,208
B004VV8GOQ,271
B004WA88GC,147
B004WSAHE0,163
B004XG4XAU,104
B004XLDDNI,267
B004XLDELE,182
B004XLDIR4,113
B004XLE2GA,134
B004XLDVO4,205
B004XLE2A6,134
B004XLDNZQ,111
B004XLE7O2,143
B004XLE3JG,145
B004XLEK3U,291
B004XLDY14,101
B004XLDYR8,109
B004XLE3RI,236
B004XLEEKO,103
B004XLEDYG,136
B004XLDKHM,148
B004XLDH84,216
B004XTKIWE,298
B0050KJOQ6,206
B0050KK1UY,143
B0050O1JG0,192
B0050O230G,137
B0050O1MQC,232
B0050O1N2U,108
B0050O1UR8,243
B0050O2E82,143
B0050O2BHQ,139
B0052SUOYC,251
B0053F830Q,165
B0053F9LCK,228
B0053F91I4,211
B0053F8CES,175
B0053F9EKE,111
B0053FA098,153
B0053F9IGO,189
B0053F9TLI,130
B0053F7VC2,135
B0053F9CME,201
B0053Y27S6,119
B0053Y328A,111
B0053Y37CG,260
B0053Y34GK,271
B0053Y39SI,154
B0053Y3A4G,228
B0053Y2I8U,153
B005459K7A,127
B005459KTI,121
B00545B18Q,176
B00545AZ0Q,133
B00545AQSW,113
B00545B6UO,193
B00545B2UI,108
B00545AUUG,197
B005459F8Y,102
B00545ATZW,219
B00545AV9Q,163
B00545B2R6,102
B00545B78A,116
B00545AU92,245
B00545A6LY,101
B00563S5YE,205
B0056CG4SE,163
B0056JVM98,184
B0056NS2JM,103
B00569NRI2,205
B00570QQ5G,144
B00570RKTW,216
B00570QEZI,298
B005AR70YW,120
B005ARC9BG,129
B005ARCBGY,240
B005AR7WZY,243
B005ARC2XQ,125
B005AR7B0U,136
B005B489US,211
B005B48M0U,108
B005B48RUU,254
B005B4B5FY,130
B005B5RXL8,292
B005B9EE8Y,109
B005B9CTQS,221
B005B9CTFY,220
B005B9EABU,273
B005B9E95M,293
B005BA24S0,219
B005BA4RNK,189
B005BNMWCA,156
B005BNN3C8,137
B005BNN2EC,109
B005BNLODS,154
B005BNN1AC,107
B005BNMVEY,231
B005BQS65E,132
B005DJ7CFE,276
B005E0L4EW,103
B005FHRDS0,105
B005HF61ZQ,144
B005HFB65Q,191
B005KT4LK6,152
B005LTZ5OQ,126
B005M393OO,206
B005NC9S26,183
B005NK21MM,248
B005OOZAZ2,107
B005R597HA,199
B0064FCQUM,255
B006E7VTSK,171
B006E7X19A,154
B006JSARKU,209
B006LZQZPW,169
B006P7B2KY,161
B006WNLUQM,157
B006WNGDBE,102
B006ZZU55Y,159
B0075WD1ZC,127
B0075WD1TS,140
B0076OWE8E,165
B007B64O0S,212
B007FTZNHO,287
B007J24VDY,256
B007OWOK7Q,183
B007Z1KJT4,115
B0081E9EJA,101
B00838JCAK,264
B008B7W40S,135
B008NGVNZO,142
B008OCHYO6,191
B008UEJS7Y,128
B008VWJHUS,125
B008YDT3PI,225
B008YDSFR0,219
B008YDSRZK,126
B008YDSETE,222
B008YDSP20,255
B0093QTN0U,115
B0097C43BO,107
B009AK62U8,134
B009H2JQIO,110
B009ODV2E2,105
B00A8O03LE,287
B00A8O0B8O,109
B00A8O07JC,197
B00A8O05MG,116
B00A8O06MK,298
B00A8O0BSY,173
B00A9X8PSW,120
B00AB51CUG,212
B00AF68O48,190
B00AF7U2VA,215
B00AF7U1CU,141
B00AF7UY6I,194
B00AF7RG9G,113
B00AFSMMTO,129
B00AFSMOXS,134
B00AFSML8Q,107
B00AH5ZWMO,120
B00AH5ZKH6,266
B00AITV7SM,121
B00AMF8HF8,108
B00AMF8NHK,223
B00AMF7X2G,209
B00AQ6VTIK,255
B00AUDA0GQ,153
B00AUDAJ0I,126
B00AUDAG2O,135
B00AUDAF5M,145
B00AVCBYK2,125
B00AYBLIOW,103
B00AYBLXCO,234
B00AYBL3GU,109
B00AYBL3H4,225
B00B4VY578,171
B00B8YSQOE,205
B00BCKIGQ2,178
B00BL4K69O,159
B00C0YPJIW,136
B00C7MWQS8,255
B00C7Z8G4S,161
B00CD6SAC4,121
B00CISOQVG,110
B00CW0O1EW,146
B00CX9DU1C,120
B00CX98CMO,223
B00CXY9BJ2,102
B00D1SZNO6,225
B00D1X3668,114
B00D8G49D2,210
B00DDXX36Y,108
B00DJF6296,189
B00DJVIU18,196
B00DM8J8XC,194
B00DM8JIOQ,123
B00DM8JA8A,270
B00DM8JK3A,118
B00DM8JJWW,114
B00DM8JLES,137
B00DM8KADE,296
B00DM8JFFS,189
B00DM8JEC2,110
B00DM8JMNS,148
B00DM8JGR0,233
B00DM8JULW,103
B00DM8KXUO,268
B00DM8L18C,223
B00DM8KM82,239
B00DM8KTH6,179
B00DM8L0AG,161
B00DM8KIKY,121
B00DM8J2HE,131
B00DM8JBZW,274
B00DM8LE8E,207
B00DM8L682,118
B00DM8L1C8,127
B00DM8KORQ,113
B00DM8LBB4,174
B00DM8LEAC,111
B00DM8LECK,109
B00DM8JL4I,205
B00DM8LYC0,161
B00DM8LZAQ,200
B00DM8J3T6,290
B00DM8LAI8,217
B00DM8MDN4,171
B00DM8L5GU,122
B00DM8M7GC,106
B00DM8KTHG,118
B00DM8JUIU,161
B00DM8KJSA,231
B00DM8LIIA,109
B00DM8M9JC,281
B00DM8M6AY,126
B00DM8L3HG,138
B00DNCJRX8,116
B00DNGUCS8,166
B00DQKL21C,126
B00DRIEPN0,131
B00DRIEOEU,172
B00DRIEMVA,128
B00DZU7ODI,125
B00DZU7RTO,121
B00DZU7DT8,211
B00DZU7IS4,225
B00DZU94OA,134
B00DZU9FBW,285
B00DZU99TK,114
B00DZU8MKM,106
B00DZUBG6E,136
B00DZU9D1E,102
B00DZUAGUQ,173
B00DZUAPBG,136
B00DZU7LJU,106
B00DZUA1GU,133
B00E0CVMEM,189
B00E0CWC5K,112
B00E0CVZQC,113
B00E0CWKMK,162
B00E0CVWZ6,247
B00E0CW2KU,108
B00E0CWKXE,182
B00E0CVMDI,124
B00E0CW0N4,149
B00E0CVTA4,220
B00E0CVX32,130
B00EAXO9I2,135
B00EAY540S,136
B00ECECVSO,103
B00ECV4KJ0,137
B00ECV5J22,128
B00ECV6638,112
B00ECX0AFQ,102
B00ECX0FCO,126
B00EHLM7MW,131
B00EHL6TJY,156
B00EYLZB78,137
B00F23X8DQ,122
B00F6KJ0JQ,140
B00F6UMCP0,119
B00FCBLKTM,150
B00FCBLKOW,121
B00FCBLKOM,111
B00FE6LQRG,289
B00FEZNXRI,122
B00FFT4LDI,278
B00FIYOK0Y,118
B00FIYQD7C,121
B00FPYFS9Y,122
B00FYIYIVA,153
B00G23MKL6,170
B00G2THQOG,123
B00G9EHGDK,143
B00GB9LUIK,130
B00GHSJ2OY,122
B00GK4P77G,230
B00GOHJR7K,110
B00GS9ICU2,123
B00GXIQTLM,111
B00HAJ8IVW,296
B00HKQNWKM,105
B00HN9TKZ2,149
B00HNEJHRS,124
B00HNEJHGO,125
B00HPQJ3YQ,209
B00HPQKB24,202
B00HT39QDI,167
B00HT39JM6,116
B00HT39KCU,247
B00HT39MKU,125
B00HT39KVQ,138
B00HT39LEM,129
B00HTWGERA,158
B00I1IDCEO,209
B00ICCS3EI,113
B00ICPQC4I,232
B00IN8POW0,127
B00IQ9VKV0,112
B00IVO8478,179
B00J4MTGGE,118
B00JFG6YOG,210
B00JGTUQJ6,249
B00JGTPE34,163
B00JGVM39A,140
B00JGW0WHY,217
B00JGVY910,169
B00JJZBHK4,164
B00JQ1CXHW,253
B00JVYNGTI,154
B00JVZD868,105
B00K24OYZG,166
B00K5XK9C6,106
B00K6K80JM,294
B00K8HZI5W,123
B00KAS7794,111
B00KB1G8A4,124
B00KGHWL0Y,145
B00KGHWQXQ,137
B00KGHWNX4,171
B00KGLVJ3A,101
B00KLVGYLM,276
B00L1JT4YM,298
B00L4G94U6,114
B00L4GDM2W,101
B00L9GB54O,117
B00LDTVFDI,115
B00LGUB7UU,135
B00LGUBHJG,167
B00LIAP2ZY,172
B00LOX1IGW,172
B00LQDASRK,124
B00LQDA5R8,107
B00LQDA9HY,145
B00LQDAJ1U,156
B00LQDAGB8,136
B00LQDA5RS,116
B00LQDDMUK,225
B00LQDFJ8I,146
B00LQDI6IS,116
B00LQDJQGE,213
B00LQDI048,125
B00LTXYPCG,118
B00LX9CTFQ,244
B00M22BDRS,110
B00M4JCJD6,220
B00M7GMEYK,111
B00M9ICOV4,146
B00M9IBL3G,166
B00MAGCJEC,267
B00MB6IYNQ,130
B00MFTCRCS,165
B00MFUAMYC,224
B00MGMX4AI,111
B00MGMXWR8,147
B00MGMY95M,190
B00MGRD7IC,153
B00MMNNB2C,120
B00MNOQ8OS,266
B00MOCSH66,281
B00MZH0OPC,217
B00N142WLC,116
B00N3WFW5K,221
B00N4YJJYC,105
B00N86YYEQ,104
B00N9AWVHS,252
B00NESZL22,113
B00NJ5871C,184
B00NK0PUQG,174
B00NLWBWEM,180
B00NMLFRXY,232
B00NMLGQJI,233
B00NMNLNLM,155
B00NMNN8GK,118
B00NP5U2SW,120
B00NWRM2CC,110
B00NWRLKXO,145
B00O2N4LDS,121
B00OBXXD42,114
B00OL1CIOA,184
B00OMR0AXY,221
B00OMR0RJQ,194
B00OQFG3Q0,107
B00OSAT62Q,215
B00OVBMF7K,123
B00OZ7FHJI,147
B00P0GN7OU,104
B00P7QI4IM,167
B00PGFGVB6,122
B00PIU37TS,233
B00PKI77GC,123
B00PKNNZE0,157
B00PTGREEU,111
B00QFVFV9S,123
B00QO4ZX30,152
B00QOEF76I,133
B00QOF02R6,236
B00QPDV93I,115
B00QXT9O1S,115
B00R1X7S5Y,248
B00RKN7QNE,121
B00RXZJLIM,117
B00RY3MXAG,229
B00RY3AOJ8,256
B00RYWES9Q,222
B00S1I5H3I,121
B00T4W3OBC,153
B00TCXN1LQ,145
B00TLEVVNG,193
B00TLCKCTM,126
B00TRKGE90,198
B00TUFZLOQ,102
B00U1KA12G,131
B00U264W0Q,272
B00U2YWPUM,192
B00UB25GFQ,142
B00UF4P3XA,117
B00UH2SZLC,148
B00UKCTAHM,109
B00UQVA36Y,151
B00UVUZMD4,105
B00UVUZRHU,294
B00UXSK9PA,134
B00UY0IG34,262
B00V8P6WIA,210
B00VAOP3DE,153
B00VC55Y08,169
B00VO0723S,166
B00VVMKIWQ,182
B00VVV0N2W,272
B00VW8P61W,298
B00W27J16S,178
B00WQRKDNY,156
B00WSVFM7K,157
B00WTX8562,117
B00WTX85B2,218
B00WVTXVMC,169
B00WXIR2TE,225
B00XNJWEUY,103
B00XNK6ZG2,153
B00XNMDIBU,125
B00XNOOJ9I,101
B00XYVE026,103
B00Y11UDLA,122
B00Y1RZKTY,134
B00YD2XWDI,179
B00YGFUFLE,145
B00YIF71WI,135
B00YPWI74U,228
B00ZROT050,112
B00ZY3TOL4,146
B00ZY5H5JK,206
B010BAH74U,138
B010SJAELC,226
B010WWIZA2,129
B0117DBW2S,185
B011BVZLN2,122
B011P1OODQ,103
B0121CFQ4E,221
B0123NHMXE,126
B0123NGB5O,119
B012TIU1IG,210
B0137W1PFG,115
B013E8CIRC,215
B013GB9WR6,143
B013J8CLLU,211
B013NQB3EE,242
B013P39LF8,151
B013TI7A4S,124
B013TINE4S,165
B013TQPIM6,269
B013WHR5NW,128
B0140UC9XQ,155
B01420DMYY,220
B0145KOAWO,195
B014ZNE60M,213
B015242TKW,220
B0153PC5IG,129
B0156N8E9O,218
B0156NB4BO,229
B0156NI3BI,202
B0156NIJY4,105
B0156NDPUC,148
B0156NJ4Z2,183
B015968BVO,250
B015GEQPVW,147
B015OOVX3E,216
B0160I7328,147
B0164PTRQW,116
B0167MXZKQ,134
B0168YD2HY,107
B016LDW6Z6,155
B016PYUSME,191
B016PYUW3E,219
B0170O0D82,130
B0170NWHDM,213
B01786RUJC,279
B017M8L8X0,126
B017MHZH9C,159
B017Q12A62,289
B017TD3K7A,220
B017UCH2MY,287
B017WNZJI0,276
B018A2W5J8,221
B018KTECAQ,105
B018SW6K7I,158
B0190U4T1Q,198
B0195UW9L8,270
B0198ZXHEI,148
B019OZ5L28,124
B019PBH9IA,236
B019PBHB1K,177
B019R5UU4O,107
B019S12AX6,223
B019S5SG58,107
B01ACKOH2O,211
B01ACKOFGM,216
B01ACKOGAC,298
B01AGQ4MH4,226
B01AJISKHC,118
B01APSGP6Y,138
B01AQHT2BO,116
B01ATJL47O,106
B01AXCVGFC,103
B01AXCS7HC,281
B01AYKYCSQ,137
B01AYTUFV0,295
B01AZXG94C,158
B01AZXTBPG,149
B01AZYJY16,153
B01BGMU5HS,133
B01BHUSQZ2,118
B01BKWSHHE,145
B01BLLM4X2,160
B01BO4HT5E,251
B01BOOHK9O,281
B01BP0E36K,180
B01BP8JXJO,231
B01C588W0O,134
B01C6AASW6,151
B01C9X8OLM,166
B01C9X3O9O,131
B01CA0V1T6,251
B01CA411SI,173
B01CA410KW,274
B01CA40YFY,299
B01CANG4IG,134
B01CC3CT4M,131
B01CC7N5PA,181
B01CC7UIH8,221
B01CC7LSF4,109
B01CC7LSE0,189
B01CC7IVD6,122
B01CC7SBC2,114
B01CC87G86,235
B01CC7GT0S,177
B01CC7IVKY,174
B01CC7GT1C,221
B01CC7SBE0,121
B01CC7N5PU,146
B01CKG82ME,273
B01D3O9UB4,212
B01D3R68VQ,218
B01D5NN6YU,215
B01D8U7GBY,202
B01DB1OX5W,112
B01DJFFT62,289
B01DO0ZR50,171
B01DYNVJMW,145
B01E4RUUQI,177
B01E9FRMI4,229
B01EGB9JBE,167
B01ETRQB4I,246
B01FQMDZ7Q,251
B01FQR5RZE,114
B01FSR3X7Q,180
B01FT5DSB8,126
B01FZKSRO0,147
B01G3I7MOE,121
B01G4T47UY,121
B01G4T47ZO,280
B01G4VYY5A,139
B01G4VYY50,109
B01G4W95VC,283
B01G4VYY3W,247
B01G4WLQ4G,103
B01G4Z2C82,122
B01G4Z2BP6,101
B01G4Z2BYW,206
B01G4XRT0K,164
B01G4Z2C50,259
B01G7MI09M,168
B01GAAYTGY,168
B01GAAJJ6O,139
B01GOYBPYU,193
B01GOYBV26,119
B01GOYBVAS,125
B01GVLWZT0,119
B01GWD1AEI,146
B01H1SBS3Q,203
B01HICGMWC,102
